[
  {
    "model": "product.ingredient",
    "pk": 1,
    "fields": {
      "name": "Salmon",
      "is_allergen": true
    }
  },
  {
    "model": "product.ingredient",
    "pk": 2,
    "fields": {
      "name": "Avocado",
      "is_allergen": false
    }
  },
  {
    "model": "product.ingredient",
    "pk": 3,
    "fields": {
      "name": "Cream Cheese",
      "is_allergen": true
    }
  },
  {
    "model": "product.ingredient",
    "pk": 4,
    "fields": {
      "name": "Shrimp Tempura",
      "is_allergen": true
    }
  },
  {
    "model": "product.ingredient",
    "pk": 5,
    "fields": {
      "name": "Tuna",
      "is_allergen": true
    }
  },
  {
    "model": "product.ingredient",
    "pk": 6,
    "fields": {
      "name": "Cucumber",
      "is_allergen": false
    }
  },
  {
    "model": "product.ingredient",
    "pk": 7,
    "fields": {
      "name": "Unagi Eel",
      "is_allergen": true
    }
  },
  {
    "model": "product.ingredient",
    "pk": 8,
    "fields": {
      "name": "Flying Fish Roe",
      "is_allergen": true
    }
  },
  {
    "model": "product.ingredient",
    "pk": 9,
    "fields": {
      "name": "Mango",
      "is_allergen": false
    }
  },
  {
    "model": "product.ingredient",
    "pk": 10,
    "fields": {
      "name": "Kanpyo",
      "is_allergen": false
    }
  },
  {
    "model": "product.ingredient",
    "pk": 11,
    "fields": {
      "name": "Sesame",
      "is_allergen": true
    }
  },
  {
    "model": "product.ingredient",
    "pk": 12,
    "fields": {
      "name": "Rice",
      "is_allergen": false
    }
  },
  {
    "model": "product.ingredient",
    "pk": 13,
    "fields": {
      "name": "Nori",
      "is_allergen": false
    }
  },
  {
    "model": "product.ingredient",
    "pk": 14,
    "fields": {
      "name": "Surimi",
      "is_allergen": true
    }
  },
  {
    "model": "product.ingredient",
    "pk": 15,
    "fields": {
      "name": "Teriyaki Sauce",
      "is_allergen": true
    }
  },
  {
    "model": "product.ingredient",
    "pk": 16,
    "fields": {
      "name": "Spicy Sauce",
      "is_allergen": true
    }
  },
  {
    "model": "product.ingredient",
    "pk": 17,
    "fields": {
      "name": "Truffle Sauce",
      "is_allergen": true
    }
  },
  {
    "model": "product.ingredient",
    "pk": 18,
    "fields": {
      "name": "Tamago",
      "is_allergen": true
    }
  },
  {
    "model": "product.ingredient",
    "pk": 19,
    "fields": {
      "name": "Mayonnaise",
      "is_allergen": true
    }
  },
  {
    "model": "product.ingredient",
    "pk": 20,
    "fields": {
      "name": "Wakame",
      "is_allergen": false
    }
  },
  {
    "model": "product.ingredient",
    "pk": 21,
    "fields": {
      "name": "Fried Onion",
      "is_allergen": true
    }
  },
  {
    "model": "product.ingredient",
    "pk": 22,
    "fields": {
      "name": "Panko",
      "is_allergen": true
    }
  },
  {
    "model": "product.ingredient",
    "pk": 23,
    "fields": {
      "name": "Mozzarella",
      "is_allergen": true
    }
  },
  {
    "model": "product.ingredient",
    "pk": 24,
    "fields": {
      "name": "Tofu",
      "is_allergen": false
    }
  },
  {
    "model": "product.ingredient",
    "pk": 25,
    "fields": {
      "name": "Jalapeno",
      "is_allergen": false
    }
  },
  {
    "model": "product.ingredient",
    "pk": 26,
    "fields": {
      "name": "Soy Sauce",
      "is_allergen": false
    }
  },
  {
    "model": "product.category",
    "pk": 1,
    "fields": {
      "title": "Special Edition"
    }
  },
  {
    "model": "product.category",
    "pk": 2,
    "fields": {
      "title": "Sushi-Dogs and Burgers"
    }
  },
  {
    "model": "product.category",
    "pk": 3,
    "fields": {
      "title": "Philadelphia"
    }
  },
  {
    "model": "product.category",
    "pk": 4,
    "fields": {
      "title": "California"
    }
  },
  {
    "model": "product.category",
    "pk": 5,
    "fields": {
      "title": "Tempura Roll"
    }
  },
  {
    "model": "product.category",
    "pk": 6,
    "fields": {
      "title": "Baked Rolls"
    }
  },
  {
    "model": "product.category",
    "pk": 7,
    "fields": {
      "title": "Deluxe"
    }
  },
  {
    "model": "product.category",
    "pk": 8,
    "fields": {
      "title": "Dragons"
    }
  },
  {
    "model": "product.category",
    "pk": 9,
    "fields": {
      "title": "Panko"
    }
  },
  {
    "model": "product.category",
    "pk": 10,
    "fields": {
      "title": "Futomaki"
    }
  },
  {
    "model": "product.category",
    "pk": 11,
    "fields": {
      "title": "Hosomaki and Nigiri"
    }
  },
  {
    "model": "product.category",
    "pk": 12,
    "fields": {
      "title": "Gunkans"
    }
  },
  {
    "model": "product.category",
    "pk": 13,
    "fields": {
      "title": "Sets"
    }
  },
  {
    "model": "product.category",
    "pk": 14,
    "fields": {
      "title": "Wok Dishes"
    }
  },
  {
    "model": "product.category",
    "pk": 15,
    "fields": {
      "title": "Salads"
    }
  },
  {
    "model": "product.category",
    "pk": 16,
    "fields": {
      "title": "Appetizers"
    }
  },
  {
    "model": "product.category",
    "pk": 17,
    "fields": {
      "title": "Extras"
    }
  },
  {
    "model": "product.category",
    "pk": 18,
    "fields": {
      "title": "Drinks"
    }
  },
  {
    "model": "product.product",
    "pk": 500,
    "fields": {
      "title": "Set \"Nigiri\" 8 pcs",
      "image": null,
      "price": 38.98,
      "weight": 360,
      "category": 4,
      "ingredients": [
        16,
        5,
        26,
        18
      ]
    }
  },
  {
    "model": "product.product",
    "pk": 501,
    "fields": {
      "title": "Salmon Sushi-Dog",
      "image": null,
      "price": 38.03,
      "weight": 360,
      "category": 3,
      "ingredients": [
        14,
        12,
        24,
        8
      ]
    }
  },
  {
    "model": "product.product",
    "pk": 502,
    "fields": {
      "title": "Tuna Sushi-Dog",
      "image": null,
      "price": 48.2,
      "weight": 260,
      "category": 3,
      "ingredients": [
        24,
        20,
        26,
        17,
        18,
        12
      ]
    }
  },
  {
    "model": "product.product",
    "pk": 503,
    "fields": {
      "title": "Sushi-Dog with shrimps",
      "image": null,
      "price": 38.29,
      "weight": 340,
      "category": 2,
      "ingredients": [
        5,
        6,
        15,
        20
      ]
    }
  },
  {
    "model": "product.product",
    "pk": 504,
    "fields": {
      "title": "Burger Maxi Fish",
      "image": null,
      "price": 51.1,
      "weight": 300,
      "category": 1,
      "ingredients": [
        12,
        11,
        5,
        6
      ]
    }
  },
  {
    "model": "product.product",
    "pk": 505,
    "fields": {
      "title": "Burger Maxi Salmon",
      "image": null,
      "price": 49.57,
      "weight": 340,
      "category": 4,
      "ingredients": [
        24,
        6,
        5,
        4
      ]
    }
  },
  {
    "model": "product.product",
    "pk": 506,
    "fields": {
      "title": "Burger Baked Salmon",
      "image": null,
      "price": 59.02,
      "weight": 340,
      "category": 4,
      "ingredients": [
        16,
        12,
        24,
        22,
        13,
        15
      ]
    }
  },
  {
    "model": "product.product",
    "pk": 507,
    "fields": {
      "title": "Burger Maxi Shripms",
      "image": null,
      "price": 58.21,
      "weight": 280,
      "category": 6,
      "ingredients": [
        4,
        26,
        9,
        24
      ]
    }
  },
  {
    "model": "product.product",
    "pk": 508,
    "fields": {
      "title": "Burger Spicy Tuna",
      "image": "Burger Spicy Tuna delicious sushi roll",
      "price": 54.92,
      "weight": 320,
      "category": 4,
      "ingredients": [
        6,
        13,
        5
      ]
    }
  },
  {
    "model": "product.product",
    "pk": 509,
    "fields": {
      "title": "Burger Baked Tuna",
      "image": "Burger Baked Tuna delicious sushi roll",
      "price": 37.72,
      "weight": 280,
      "category": 1,
      "ingredients": [
        4,
        10,
        24,
        7,
        25
      ]
    }
  },
  {
    "model": "product.product",
    "pk": 510,
    "fields": {
      "title": "Almond Burger with shrimps",
      "image": "Almond Burger with shrimps delicious sushi roll",
      "price": 38.56,
      "weight": 260,
      "category": 4,
      "ingredients": [
        5,
        1,
        11,
        15,
        9
      ]
    }
  },
  {
    "model": "product.product",
    "pk": 511,
    "fields": {
      "title": "Burger Maxi Krab",
      "image": "Burger Maxi Krab delicious sushi roll",
      "price": 53.05,
      "weight": 340,
      "category": 1,
      "ingredients": [
        11,
        7,
        25,
        8
      ]
    }
  },
  {
    "model": "product.product",
    "pk": 512,
    "fields": {
      "title": "Burger Maxi Unagi",
      "image": "Burger Maxi Unagi delicious sushi roll",
      "price": 50.23,
      "weight": 280,
      "category": 4,
      "ingredients": [
        1,
        13,
        19,
        23,
        25
      ]
    }
  },
  {
    "model": "product.product",
    "pk": 513,
    "fields": {
      "title": "Burger Maxi Vege",
      "image": "Burger Maxi Vege delicious sushi roll",
      "price": 40.6,
      "weight": 320,
      "category": 5,
      "ingredients": [
        12,
        15,
        25,
        19,
        3,
        22
      ]
    }
  },
  {
    "model": "product.product",
    "pk": 514,
    "fields": {
      "title": "Philadelphia Grill-Salmon",
      "image": "Philadelphia Grill-Salmon delicious sushi roll",
      "price": 52.19,
      "weight": 320,
      "category": 4,
      "ingredients": [
        21,
        17,
        24,
        13
      ]
    }
  },
  {
    "model": "product.product",
    "pk": 515,
    "fields": {
      "title": "Philadelphia Eel",
      "image": "Philadelphia Eel delicious sushi roll",
      "price": 37.55,
      "weight": 300,
      "category": 1,
      "ingredients": [
        21,
        2,
        5,
        25,
        16
      ]
    }
  },
  {
    "model": "product.product",
    "pk": 516,
    "fields": {
      "title": "Philadelphia Salmon-Unagi",
      "image": "Philadelphia Salmon-Unagi delicious sushi roll",
      "price": 47.75,
      "weight": 340,
      "category": 3,
      "ingredients": [
        1,
        17,
        9,
        14,
        20,
        4
      ]
    }
  },
  {
    "model": "product.product",
    "pk": 517,
    "fields": {
      "title": "Philadelphia Ebi",
      "image": "Philadelphia Ebi delicious sushi roll",
      "price": 55.91,
      "weight": 320,
      "category": 4,
      "ingredients": [
        5,
        16,
        18,
        21,
        23
      ]
    }
  },
  {
    "model": "product.product",
    "pk": 518,
    "fields": {
      "title": "Philadelphia Tuna",
      "image": "Philadelphia Tuna delicious sushi roll",
      "price": 37.81,
      "weight": 280,
      "category": 5,
      "ingredients": [
        23,
        14,
        5,
        2
      ]
    }
  },
  {
    "model": "product.product",
    "pk": 519,
    "fields": {
      "title": "California Tobiko-Salmon",
      "image": "California Tobiko-Salmon delicious sushi roll",
      "price": 50.52,
      "weight": 360,
      "category": 4,
      "ingredients": [
        8,
        15,
        4,
        7
      ]
    }
  },
  {
    "model": "product.product",
    "pk": 520,
    "fields": {
      "title": "California Sesame-Salmon",
      "image": "California Sesame-Salmon delicious sushi roll",
      "price": 46.99,
      "weight": 260,
      "category": 4,
      "ingredients": [
        25,
        21,
        8,
        11,
        6
      ]
    }
  },
  {
    "model": "product.product",
    "pk": 521,
    "fields": {
      "title": "California Tobiko-Shrimp",
      "image": "California Tobiko-Shrimp delicious sushi roll",
      "price": 38.12,
      "weight": 260,
      "category": 6,
      "ingredients": [
        16,
        17,
        12,
        24,
        5,
        3
      ]
    }
  },
  {
    "model": "product.product",
    "pk": 522,
    "fields": {
      "title": "California Sesame-Shrimp",
      "image": "California Sesame-Shrimp delicious sushi roll",
      "price": 59.93,
      "weight": 360,
      "category": 6,
      "ingredients": [
        1,
        16,
        9,
        2,
        3
      ]
    }
  },
  {
    "model": "product.product",
    "pk": 523,
    "fields": {
      "title": "California Tobiko-Tuna",
      "image": "California Tobiko-Tuna delicious sushi roll",
      "price": 45.88,
      "weight": 300,
      "category": 3,
      "ingredients": [
        16,
        4,
        23,
        24,
        8,
        2
      ]
    }
  },
  {
    "model": "product.product",
    "pk": 524,
    "fields": {
      "title": "California Sesame-Tuna",
      "image": "California Sesame-Tuna delicious sushi roll",
      "price": 58.01,
      "weight": 280,
      "category": 4,
      "ingredients": [
        6,
        15,
        16,
        4
      ]
    }
  },
  {
    "model": "product.product",
    "pk": 525,
    "fields": {
      "title": "Tempura Roll with shrimps",
      "image": "Tempura Roll with shrimps delicious sushi roll",
      "price": 56.69,
      "weight": 280,
      "category": 2,
      "ingredients": [
        26,
        17,
        18,
        9,
        3,
        12
      ]
    }
  },
  {
    "model": "product.product",
    "pk": 526,
    "fields": {
      "title": "Tempura Roll with surimi",
      "image": "Tempura Roll with surimi delicious sushi roll",
      "price": 53.0,
      "weight": 360,
      "category": 3,
      "ingredients": [
        16,
        7,
        11,
        20,
        25,
        22
      ]
    }
  },
  {
    "model": "product.product",
    "pk": 527,
    "fields": {
      "title": "Tempura Roll with eel",
      "image": "Tempura Roll with eel delicious sushi roll",
      "price": 47.15,
      "weight": 340,
      "category": 6,
      "ingredients": [
        4,
        14,
        17,
        13,
        26,
        8
      ]
    }
  },
  {
    "model": "product.product",
    "pk": 528,
    "fields": {
      "title": "Baked roll «‎Midori»",
      "image": "Baked roll «‎Midori» delicious sushi roll",
      "price": 45.92,
      "weight": 300,
      "category": 6,
      "ingredients": [
        12,
        10,
        17,
        4,
        23,
        15
      ]
    }
  },
  {
    "model": "product.product",
    "pk": 529,
    "fields": {
      "title": "Baked roll «‎Katsu»",
      "image": "Baked roll «‎Katsu» delicious sushi roll",
      "price": 57.38,
      "weight": 340,
      "category": 5,
      "ingredients": [
        23,
        17,
        13,
        7,
        26,
        5
      ]
    }
  },
  {
    "model": "product.product",
    "pk": 530,
    "fields": {
      "title": "Baked roll «‎Kani»",
      "image": "Baked roll «‎Kani» delicious sushi roll",
      "price": 38.73,
      "weight": 260,
      "category": 6,
      "ingredients": [
        17,
        18,
        2,
        8
      ]
    }
  },
  {
    "model": "product.product",
    "pk": 531,
    "fields": {
      "title": "Baked roll with shrimps",
      "image": "Baked roll with shrimps delicious sushi roll",
      "price": 54.64,
      "weight": 360,
      "category": 6,
      "ingredients": [
        18,
        15,
        5,
        25,
        24,
        9
      ]
    }
  },
  {
    "model": "product.product",
    "pk": 532,
    "fields": {
      "title": "Baked roll with salmon",
      "image": "Baked roll with salmon delicious sushi roll",
      "price": 36.9,
      "weight": 360,
      "category": 5,
      "ingredients": [
        9,
        19,
        25,
        3,
        10
      ]
    }
  },
  {
    "model": "product.product",
    "pk": 533,
    "fields": {
      "title": "Baked roll with tuna",
      "image": "Baked roll with tuna delicious sushi roll",
      "price": 35.16,
      "weight": 320,
      "category": 4,
      "ingredients": [
        14,
        18,
        26,
        16
      ]
    }
  },
  {
    "model": "product.product",
    "pk": 534,
    "fields": {
      "title": "Baked roll Tamago-Tuna",
      "image": "Baked roll Tamago-Tuna delicious sushi roll",
      "price": 52.03,
      "weight": 260,
      "category": 3,
      "ingredients": [
        5,
        1,
        8,
        17,
        9
      ]
    }
  },
  {
    "model": "product.product",
    "pk": 535,
    "fields": {
      "title": "Baked roll Tamago-Salmon",
      "image": "Baked roll Tamago-Salmon delicious sushi roll",
      "price": 57.41,
      "weight": 340,
      "category": 3,
      "ingredients": [
        9,
        23,
        4,
        12,
        1,
        10
      ]
    }
  },
  {
    "model": "product.product",
    "pk": 536,
    "fields": {
      "title": "Baked roll with eel",
      "image": "Baked roll with eel delicious sushi roll",
      "price": 38.51,
      "weight": 360,
      "category": 5,
      "ingredients": [
        3,
        13,
        1,
        26,
        6
      ]
    }
  },
  {
    "model": "product.product",
    "pk": 537,
    "fields": {
      "title": "Baked roll with crab",
      "image": "Baked roll with crab delicious sushi roll",
      "price": 42.06,
      "weight": 300,
      "category": 5,
      "ingredients": [
        3,
        4,
        26
      ]
    }
  },
  {
    "model": "product.product",
    "pk": 538,
    "fields": {
      "title": "Baked roll with mussels",
      "image": "Baked roll with mussels delicious sushi roll",
      "price": 55.64,
      "weight": 320,
      "category": 1,
      "ingredients": [
        22,
        14,
        26
      ]
    }
  },
  {
    "model": "product.product",
    "pk": 539,
    "fields": {
      "title": "Black Cheesy Deluxe",
      "image": "Black Cheesy Deluxe delicious sushi roll",
      "price": 55.15,
      "weight": 360,
      "category": 5,
      "ingredients": [
        10,
        15,
        16,
        9
      ]
    }
  },
  {
    "model": "product.product",
    "pk": 540,
    "fields": {
      "title": "Green Deluxe",
      "image": "Green Deluxe delicious sushi roll",
      "price": 46.83,
      "weight": 320,
      "category": 3,
      "ingredients": [
        24,
        14,
        25
      ]
    }
  },
  {
    "model": "product.product",
    "pk": 541,
    "fields": {
      "title": "Bonito Deluxe",
      "image": "Bonito Deluxe delicious sushi roll",
      "price": 36.01,
      "weight": 340,
      "category": 5,
      "ingredients": [
        17,
        10,
        14,
        6,
        20,
        12
      ]
    }
  },
  {
    "model": "product.product",
    "pk": 542,
    "fields": {
      "title": "Cheezes Deluxe",
      "image": "Cheezes Deluxe delicious sushi roll",
      "price": 44.63,
      "weight": 300,
      "category": 1,
      "ingredients": [
        18,
        11,
        24,
        8
      ]
    }
  },
  {
    "model": "product.product",
    "pk": 543,
    "fields": {
      "title": "Sunrise Deluxe",
      "image": "Sunrise Deluxe delicious sushi roll",
      "price": 48.74,
      "weight": 340,
      "category": 3,
      "ingredients": [
        19,
        12,
        8,
        7
      ]
    }
  },
  {
    "model": "product.product",
    "pk": 544,
    "fields": {
      "title": "Tropical Deluxe",
      "image": "Tropical Deluxe delicious sushi roll",
      "price": 39.13,
      "weight": 360,
      "category": 5,
      "ingredients": [
        8,
        5,
        10,
        17,
        13,
        11
      ]
    }
  },
  {
    "model": "product.product",
    "pk": 545,
    "fields": {
      "title": "Megusta Deluxe",
      "image": "Megusta Deluxe delicious sushi roll",
      "price": 51.69,
      "weight": 320,
      "category": 3,
      "ingredients": [
        7,
        14,
        22,
        1,
        4,
        17
      ]
    }
  },
  {
    "model": "product.product",
    "pk": 546,
    "fields": {
      "title": "Yamakasi Deluxe",
      "image": "Yamakasi Deluxe delicious sushi roll",
      "price": 54.02,
      "weight": 300,
      "category": 4,
      "ingredients": [
        24,
        9,
        25
      ]
    }
  },
  {
    "model": "product.product",
    "pk": 547,
    "fields": {
      "title": "Maguro Deluxe",
      "image": "Maguro Deluxe delicious sushi roll",
      "price": 57.78,
      "weight": 280,
      "category": 2,
      "ingredients": [
        12,
        15,
        24,
        17,
        16
      ]
    }
  },
  {
    "model": "product.product",
    "pk": 548,
    "fields": {
      "title": "Mix Cheese Deluxe",
      "image": "Mix Cheese Deluxe delicious sushi roll",
      "price": 55.77,
      "weight": 320,
      "category": 3,
      "ingredients": [
        12,
        24,
        5
      ]
    }
  },
  {
    "model": "product.product",
    "pk": 549,
    "fields": {
      "title": "King Salmon Deluxe",
      "image": "King Salmon Deluxe delicious sushi roll",
      "price": 50.73,
      "weight": 340,
      "category": 5,
      "ingredients": [
        20,
        23,
        3
      ]
    }
  },
  {
    "model": "product.product",
    "pk": 550,
    "fields": {
      "title": "Vega Deluxe",
      "image": "Vega Deluxe delicious sushi roll",
      "price": 49.77,
      "weight": 320,
      "category": 3,
      "ingredients": [
        12,
        18,
        10
      ]
    }
  },
  {
    "model": "product.product",
    "pk": 551,
    "fields": {
      "title": "Red Dragon",
      "image": "Red Dragon delicious sushi roll",
      "price": 46.18,
      "weight": 360,
      "category": 4,
      "ingredients": [
        21,
        17,
        11,
        7
      ]
    }
  },
  {
    "model": "product.product",
    "pk": 552,
    "fields": {
      "title": "Black Dragon",
      "image": "Black Dragon delicious sushi roll",
      "price": 53.52,
      "weight": 320,
      "category": 5,
      "ingredients": [
        16,
        13,
        24,
        25,
        23
      ]
    }
  },
  {
    "model": "product.product",
    "pk": 553,
    "fields": {
      "title": "Panda Dragon",
      "image": "Panda Dragon delicious sushi roll",
      "price": 38.6,
      "weight": 320,
      "category": 3,
      "ingredients": [
        25,
        23,
        3,
        2
      ]
    }
  },
  {
    "model": "product.product",
    "pk": 554,
    "fields": {
      "title": "Panko «Avo-Tuna»",
      "image": "Panko «Avo-Tuna» delicious sushi roll",
      "price": 40.85,
      "weight": 300,
      "category": 2,
      "ingredients": [
        25,
        21,
        26,
        16
      ]
    }
  },
  {
    "model": "product.product",
    "pk": 555,
    "fields": {
      "title": "Panko «Like»",
      "image": "Panko «Like» delicious sushi roll",
      "price": 53.79,
      "weight": 320,
      "category": 2,
      "ingredients": [
        3,
        13,
        18,
        14,
        2
      ]
    }
  },
  {
    "model": "product.product",
    "pk": 556,
    "fields": {
      "title": "Panko «Choice»",
      "image": "Panko «Choice» delicious sushi roll",
      "price": 56.62,
      "weight": 360,
      "category": 5,
      "ingredients": [
        8,
        9,
        6,
        21,
        16,
        2
      ]
    }
  },
  {
    "model": "product.product",
    "pk": 557,
    "fields": {
      "title": "Panko «Panda»",
      "image": "Panko «Panda» delicious sushi roll",
      "price": 39.96,
      "weight": 300,
      "category": 6,
      "ingredients": [
        23,
        5,
        22
      ]
    }
  },
  {
    "model": "product.product",
    "pk": 558,
    "fields": {
      "title": "Panko Tuna-Wakame",
      "image": "Panko Tuna-Wakame delicious sushi roll",
      "price": 46.04,
      "weight": 360,
      "category": 5,
      "ingredients": [
        9,
        22,
        6,
        20,
        11,
        2
      ]
    }
  },
  {
    "model": "product.product",
    "pk": 559,
    "fields": {
      "title": "Futomaki Classic with shrimps",
      "image": "Futomaki Classic with shrimps delicious sushi roll",
      "price": 47.96,
      "weight": 320,
      "category": 1,
      "ingredients": [
        10,
        15,
        25,
        9,
        14,
        6
      ]
    }
  },
  {
    "model": "product.product",
    "pk": 560,
    "fields": {
      "title": "Futomaki Classic with surimi",
      "image": "Futomaki Classic with surimi delicious sushi roll",
      "price": 55.51,
      "weight": 320,
      "category": 6,
      "ingredients": [
        23,
        4,
        25,
        2,
        3,
        19
      ]
    }
  },
  {
    "model": "product.product",
    "pk": 561,
    "fields": {
      "title": "Futomaki Classic with Unagi eel",
      "image": "Futomaki Classic with Unagi eel delicious sushi roll",
      "price": 56.23,
      "weight": 320,
      "category": 1,
      "ingredients": [
        9,
        21,
        25,
        1,
        24,
        7
      ]
    }
  },
  {
    "model": "product.product",
    "pk": 562,
    "fields": {
      "title": "Futomaki Vegan",
      "image": "Futomaki Vegan delicious sushi roll",
      "price": 52.98,
      "weight": 340,
      "category": 4,
      "ingredients": [
        19,
        6,
        1,
        20,
        14
      ]
    }
  },
  {
    "model": "product.product",
    "pk": 563,
    "fields": {
      "title": "Futomaki with salmon",
      "image": "Futomaki with salmon delicious sushi roll",
      "price": 52.45,
      "weight": 300,
      "category": 6,
      "ingredients": [
        24,
        23,
        13,
        17,
        16
      ]
    }
  },
  {
    "model": "product.product",
    "pk": 564,
    "fields": {
      "title": "Futomaki with baked salmon",
      "image": "Futomaki with baked salmon delicious sushi roll",
      "price": 35.78,
      "weight": 280,
      "category": 4,
      "ingredients": [
        14,
        5,
        9,
        17,
        12,
        3
      ]
    }
  },
  {
    "model": "product.product",
    "pk": 565,
    "fields": {
      "title": "Futomaki with tuna",
      "image": "Futomaki with tuna delicious sushi roll",
      "price": 54.3,
      "weight": 260,
      "category": 1,
      "ingredients": [
        24,
        2,
        22,
        4,
        23
      ]
    }
  },
  {
    "model": "product.product",
    "pk": 566,
    "fields": {
      "title": "Futomaki with shrimps",
      "image": "Futomaki with shrimps delicious sushi roll",
      "price": 51.12,
      "weight": 320,
      "category": 3,
      "ingredients": [
        26,
        2,
        21,
        15,
        1
      ]
    }
  },
  {
    "model": "product.product",
    "pk": 567,
    "fields": {
      "title": "Futomaki tar-tar salmon",
      "image": "Futomaki tar-tar salmon delicious sushi roll",
      "price": 51.21,
      "weight": 260,
      "category": 5,
      "ingredients": [
        11,
        19,
        24,
        17,
        9
      ]
    }
  },
  {
    "model": "product.product",
    "pk": 568,
    "fields": {
      "title": "Futomaki tar-tar tuna",
      "image": "Futomaki tar-tar tuna delicious sushi roll",
      "price": 36.46,
      "weight": 260,
      "category": 1,
      "ingredients": [
        13,
        7,
        16
      ]
    }
  },
  {
    "model": "product.product",
    "pk": 569,
    "fields": {
      "title": "Hosomaki with oshinko",
      "image": "Hosomaki with oshinko delicious sushi roll",
      "price": 40.46,
      "weight": 320,
      "category": 5,
      "ingredients": [
        1,
        25,
        11,
        6
      ]
    }
  },
  {
    "model": "product.product",
    "pk": 570,
    "fields": {
      "title": "Hosomaki with kanpyo",
      "image": "Hosomaki with kanpyo delicious sushi roll",
      "price": 41.08,
      "weight": 360,
      "category": 5,
      "ingredients": [
        7,
        3,
        16,
        5,
        18
      ]
    }
  },
  {
    "model": "product.product",
    "pk": 571,
    "fields": {
      "title": "Hosomaki with cucumber",
      "image": "Hosomaki with cucumber delicious sushi roll",
      "price": 35.02,
      "weight": 280,
      "category": 5,
      "ingredients": [
        13,
        19,
        6,
        21,
        16,
        9
      ]
    }
  },
  {
    "model": "product.product",
    "pk": 572,
    "fields": {
      "title": "Hosomaki with crab",
      "image": "Hosomaki with crab delicious sushi roll",
      "price": 49.53,
      "weight": 320,
      "category": 6,
      "ingredients": [
        13,
        24,
        8
      ]
    }
  },
  {
    "model": "product.product",
    "pk": 573,
    "fields": {
      "title": "Hosomaki with avocado",
      "image": "Hosomaki with avocado delicious sushi roll",
      "price": 46.83,
      "weight": 260,
      "category": 3,
      "ingredients": [
        20,
        10,
        13
      ]
    }
  },
  {
    "model": "product.product",
    "pk": 574,
    "fields": {
      "title": "Hosomaki with shrimps",
      "image": "Hosomaki with shrimps delicious sushi roll",
      "price": 38.05,
      "weight": 300,
      "category": 3,
      "ingredients": [
        3,
        12,
        1
      ]
    }
  },
  {
    "model": "product.product",
    "pk": 575,
    "fields": {
      "title": "Hosomaki with tuna",
      "image": "Hosomaki with tuna delicious sushi roll",
      "price": 50.86,
      "weight": 360,
      "category": 4,
      "ingredients": [
        1,
        13,
        20,
        24,
        7
      ]
    }
  },
  {
    "model": "product.product",
    "pk": 576,
    "fields": {
      "title": "Hosomaki with eel",
      "image": "Hosomaki with eel delicious sushi roll",
      "price": 47.09,
      "weight": 280,
      "category": 6,
      "ingredients": [
        10,
        24,
        21,
        1,
        23
      ]
    }
  },
  {
    "model": "product.product",
    "pk": 577,
    "fields": {
      "title": "Hosomaki with wakame",
      "image": "Hosomaki with wakame delicious sushi roll",
      "price": 48.74,
      "weight": 260,
      "category": 4,
      "ingredients": [
        10,
        20,
        12,
        25
      ]
    }
  },
  {
    "model": "product.product",
    "pk": 578,
    "fields": {
      "title": "Nigiri with grilled salmon",
      "image": "Nigiri with grilled salmon delicious sushi roll",
      "price": 37.49,
      "weight": 260,
      "category": 3,
      "ingredients": [
        10,
        19,
        3,
        17,
        5,
        25
      ]
    }
  },
  {
    "model": "product.product",
    "pk": 579,
    "fields": {
      "title": "Nigiri with prawn",
      "image": "Nigiri with prawn delicious sushi roll",
      "price": 37.64,
      "weight": 340,
      "category": 4,
      "ingredients": [
        19,
        26,
        17,
        1
      ]
    }
  },
  {
    "model": "product.product",
    "pk": 580,
    "fields": {
      "title": "Nigiri with eel",
      "image": "Nigiri with eel delicious sushi roll",
      "price": 40.98,
      "weight": 320,
      "category": 1,
      "ingredients": [
        22,
        20,
        5,
        26
      ]
    }
  },
  {
    "model": "product.product",
    "pk": 581,
    "fields": {
      "title": "Nigiri with avocado",
      "image": "Nigiri with avocado delicious sushi roll",
      "price": 41.56,
      "weight": 260,
      "category": 6,
      "ingredients": [
        20,
        11,
        7,
        14,
        24,
        12
      ]
    }
  },
  {
    "model": "product.product",
    "pk": 582,
    "fields": {
      "title": "Nigiri with tuna",
      "image": "Nigiri with tuna delicious sushi roll",
      "price": 49.68,
      "weight": 300,
      "category": 5,
      "ingredients": [
        21,
        5,
        3,
        10,
        23,
        14
      ]
    }
  },
  {
    "model": "product.product",
    "pk": 583,
    "fields": {
      "title": "Gunkan with shrimps",
      "image": "Gunkan with shrimps delicious sushi roll",
      "price": 39.76,
      "weight": 260,
      "category": 4,
      "ingredients": [
        4,
        5,
        16,
        23
      ]
    }
  },
  {
    "model": "product.product",
    "pk": 584,
    "fields": {
      "title": "Gunkan with wakame",
      "image": "Gunkan with wakame delicious sushi roll",
      "price": 36.14,
      "weight": 260,
      "category": 6,
      "ingredients": [
        4,
        1,
        26
      ]
    }
  },
  {
    "model": "product.product",
    "pk": 585,
    "fields": {
      "title": "Gunkan with eel",
      "image": "Gunkan with eel delicious sushi roll",
      "price": 40.57,
      "weight": 360,
      "category": 4,
      "ingredients": [
        22,
        25,
        19
      ]
    }
  },
  {
    "model": "product.product",
    "pk": 586,
    "fields": {
      "title": "Set «Sakura» 40 pcs",
      "image": "Set «Sakura» 40 pcs delicious sushi roll",
      "price": 58.06,
      "weight": 280,
      "category": 1,
      "ingredients": [
        2,
        15,
        18,
        5,
        13
      ]
    }
  },
  {
    "model": "product.product",
    "pk": 587,
    "fields": {
      "title": "Set \"Sunset\" 40 pcs",
      "image": "Set \"Sunset\" 40 pcs delicious sushi roll",
      "price": 56.24,
      "weight": 340,
      "category": 4,
      "ingredients": [
        14,
        19,
        15,
        9,
        23
      ]
    }
  },
  {
    "model": "product.product",
    "pk": 588,
    "fields": {
      "title": "Set «King» 40 pcs",
      "image": "Set «King» 40 pcs delicious sushi roll",
      "price": 45.84,
      "weight": 320,
      "category": 2,
      "ingredients": [
        15,
        16,
        22,
        23,
        18,
        21
      ]
    }
  },
  {
    "model": "product.product",
    "pk": 589,
    "fields": {
      "title": "Set «Euphoria» 40 pcs",
      "image": "Set «Euphoria» 40 pcs delicious sushi roll",
      "price": 56.97,
      "weight": 280,
      "category": 6,
      "ingredients": [
        8,
        11,
        15,
        17,
        26
      ]
    }
  },
  {
    "model": "product.product",
    "pk": 590,
    "fields": {
      "title": "Set «New Mix» 32 pcs",
      "image": "Set «New Mix» 32 pcs delicious sushi roll",
      "price": 50.95,
      "weight": 280,
      "category": 4,
      "ingredients": [
        8,
        13,
        19,
        9,
        16,
        10
      ]
    }
  },
  {
    "model": "product.product",
    "pk": 591,
    "fields": {
      "title": "Set «Futago» 56 pcs",
      "image": "Set «Futago» 56 pcs delicious sushi roll",
      "price": 56.45,
      "weight": 260,
      "category": 1,
      "ingredients": [
        7,
        10,
        24,
        8,
        2,
        16
      ]
    }
  },
  {
    "model": "product.product",
    "pk": 592,
    "fields": {
      "title": "Set «Hokkaido» 36 pcs",
      "image": "Set «Hokkaido» 36 pcs delicious sushi roll",
      "price": 47.07,
      "weight": 260,
      "category": 2,
      "ingredients": [
        19,
        1,
        8,
        15,
        16,
        20
      ]
    }
  },
  {
    "model": "product.product",
    "pk": 593,
    "fields": {
      "title": "Set «Hunter» 38 pcs",
      "image": "Set «Hunter» 38 pcs delicious sushi roll",
      "price": 49.18,
      "weight": 340,
      "category": 3,
      "ingredients": [
        20,
        3,
        14,
        7,
        15
      ]
    }
  },
  {
    "model": "product.product",
    "pk": 594,
    "fields": {
      "title": "Set «Panko» 32 pcs",
      "image": "Set «Panko» 32 pcs delicious sushi roll",
      "price": 51.87,
      "weight": 280,
      "category": 3,
      "ingredients": [
        25,
        23,
        7,
        12,
        9,
        4
      ]
    }
  },
  {
    "model": "product.product",
    "pk": 595,
    "fields": {
      "title": "Set «Dragons» 32 pcs",
      "image": "Set «Dragons» 32 pcs delicious sushi roll",
      "price": 43.4,
      "weight": 280,
      "category": 2,
      "ingredients": [
        11,
        13,
        21,
        23
      ]
    }
  },
  {
    "model": "product.product",
    "pk": 596,
    "fields": {
      "title": "Set «Top Five» 40 pcs",
      "image": "Set «Top Five» 40 pcs delicious sushi roll",
      "price": 47.69,
      "weight": 280,
      "category": 2,
      "ingredients": [
        11,
        26,
        24,
        3,
        14
      ]
    }
  },
  {
    "model": "product.product",
    "pk": 597,
    "fields": {
      "title": "Set «Bakes rolls» 24 pcs",
      "image": "Set «Bakes rolls» 24 pcs delicious sushi roll",
      "price": 56.69,
      "weight": 300,
      "category": 2,
      "ingredients": [
        18,
        6,
        8
      ]
    }
  },
  {
    "model": "product.product",
    "pk": 598,
    "fields": {
      "title": "Set «Philadelphia» 40 pcs",
      "image": "Set «Philadelphia» 40 pcs delicious sushi roll",
      "price": 59.08,
      "weight": 320,
      "category": 3,
      "ingredients": [
        16,
        4,
        8,
        5
      ]
    }
  },
  {
    "model": "product.product",
    "pk": 599,
    "fields": {
      "title": "Set «Friends» 70 pcs",
      "image": "Set «Friends» 70 pcs delicious sushi roll",
      "price": 40.79,
      "weight": 360,
      "category": 4,
      "ingredients": [
        14,
        18,
        12,
        10
      ]
    }
  },
  {
    "model": "product.product",
    "pk": 600,
    "fields": {
      "title": "Set \"Maki\" 40 pcs",
      "image": "Set \"Maki\" 40 pcs delicious sushi roll",
      "price": 59.73,
      "weight": 260,
      "category": 3,
      "ingredients": [
        6,
        8,
        7
      ]
    }
  },
  {
    "model": "product.product",
    "pk": 601,
    "fields": {
      "title": "Udon with salmon",
      "image": "Udon with salmon delicious sushi roll",
      "price": 58.23,
      "weight": 260,
      "category": 5,
      "ingredients": [
        8,
        11,
        24,
        21
      ]
    }
  },
  {
    "model": "product.product",
    "pk": 602,
    "fields": {
      "title": "Udon with shrimps",
      "image": "Udon with shrimps delicious sushi roll",
      "price": 37.19,
      "weight": 320,
      "category": 3,
      "ingredients": [
        7,
        3,
        2,
        13,
        1
      ]
    }
  },
  {
    "model": "product.product",
    "pk": 603,
    "fields": {
      "title": "Chicken fried rice",
      "image": "Chicken fried rice delicious sushi roll",
      "price": 39.1,
      "weight": 360,
      "category": 6,
      "ingredients": [
        4,
        17,
        10,
        11,
        26
      ]
    }
  },
  {
    "model": "product.product",
    "pk": 604,
    "fields": {
      "title": "Udon MIX",
      "image": "Udon MIX delicious sushi roll",
      "price": 37.79,
      "weight": 340,
      "category": 5,
      "ingredients": [
        9,
        6,
        7,
        25,
        26,
        21
      ]
    }
  },
  {
    "model": "product.product",
    "pk": 605,
    "fields": {
      "title": "Fried rice with shrimps and tofu",
      "image": "Fried rice with shrimps and tofu delicious sushi roll",
      "price": 58.94,
      "weight": 260,
      "category": 1,
      "ingredients": [
        15,
        26,
        18
      ]
    }
  },
  {
    "model": "product.product",
    "pk": 606,
    "fields": {
      "title": "Prawns with sweet-chilli sauce",
      "image": "Prawns with sweet-chilli sauce delicious sushi roll",
      "price": 52.95,
      "weight": 320,
      "category": 2,
      "ingredients": [
        15,
        10,
        21
      ]
    }
  },
  {
    "model": "product.product",
    "pk": 607,
    "fields": {
      "title": "Sauce \"Truffle\"",
      "image": "Sauce \"Truffle\" delicious sushi roll",
      "price": 57.44,
      "weight": 280,
      "category": 5,
      "ingredients": [
        5,
        2,
        10,
        13,
        3
      ]
    }
  },
  {
    "model": "product.product",
    "pk": 608,
    "fields": {
      "title": "Mango sauce",
      "image": "Mango sauce delicious sushi roll",
      "price": 44.85,
      "weight": 340,
      "category": 2,
      "ingredients": [
        7,
        20,
        22,
        15,
        1,
        8
      ]
    }
  },
  {
    "model": "product.product",
    "pk": 609,
    "fields": {
      "title": "Teriyaki sauce",
      "image": "Teriyaki sauce delicious sushi roll",
      "price": 38.97,
      "weight": 280,
      "category": 4,
      "ingredients": [
        1,
        23,
        6,
        17,
        2,
        8
      ]
    }
  },
  {
    "model": "product.product",
    "pk": 610,
    "fields": {
      "title": "Sos «Sweet Chili»",
      "image": "Sos «Sweet Chili» delicious sushi roll",
      "price": 55.17,
      "weight": 300,
      "category": 5,
      "ingredients": [
        20,
        10,
        3
      ]
    }
  },
  {
    "model": "product.product",
    "pk": 611,
    "fields": {
      "title": "Sauce «Spicy»",
      "image": "Sauce «Spicy» delicious sushi roll",
      "price": 37.21,
      "weight": 340,
      "category": 3,
      "ingredients": [
        25,
        6,
        24,
        5,
        3
      ]
    }
  },
  {
    "model": "product.product",
    "pk": 612,
    "fields": {
      "title": "Sauce «Mango-Chilli»",
      "image": "Sauce «Mango-Chilli» delicious sushi roll",
      "price": 41.81,
      "weight": 320,
      "category": 2,
      "ingredients": [
        5,
        21,
        1,
        2,
        14,
        15
      ]
    }
  },
  {
    "model": "product.product",
    "pk": 613,
    "fields": {
      "title": "Cheese sauce",
      "image": "Cheese sauce delicious sushi roll",
      "price": 36.47,
      "weight": 280,
      "category": 6,
      "ingredients": [
        12,
        24,
        19,
        9,
        11
      ]
    }
  },
  {
    "model": "product.product",
    "pk": 614,
    "fields": {
      "title": "Peanut sauce",
      "image": "Peanut sauce delicious sushi roll",
      "price": 43.79,
      "weight": 300,
      "category": 2,
      "ingredients": [
        18,
        9,
        17,
        13,
        5,
        25
      ]
    }
  },
  {
    "model": "product.product",
    "pk": 615,
    "fields": {
      "title": "Unagi sauce",
      "image": "Unagi sauce delicious sushi roll",
      "price": 53.13,
      "weight": 280,
      "category": 6,
      "ingredients": [
        22,
        15,
        9,
        16,
        4
      ]
    }
  },
  {
    "model": "product.product",
    "pk": 616,
    "fields": {
      "title": "Plastic chopstick holder",
      "image": "Plastic chopstick holder delicious sushi roll",
      "price": 43.05,
      "weight": 280,
      "category": 6,
      "ingredients": [
        4,
        12,
        10,
        22,
        9,
        8
      ]
    }
  },
  {
    "model": "product.product",
    "pk": 617,
    "fields": {
      "title": "Extra chopsticks",
      "image": "Extra chopsticks delicious sushi roll",
      "price": 57.28,
      "weight": 300,
      "category": 5,
      "ingredients": [
        4,
        10,
        17,
        6,
        5
      ]
    }
  },
  {
    "model": "product.product",
    "pk": 618,
    "fields": {
      "title": "Extra pickled ginger",
      "image": "Extra pickled ginger delicious sushi roll",
      "price": 57.61,
      "weight": 300,
      "category": 2,
      "ingredients": [
        18,
        23,
        5
      ]
    }
  },
  {
    "model": "product.product",
    "pk": 619,
    "fields": {
      "title": "Extra soy sauce",
      "image": "Extra soy sauce delicious sushi roll",
      "price": 41.46,
      "weight": 340,
      "category": 5,
      "ingredients": [
        5,
        9,
        15
      ]
    }
  },
  {
    "model": "product.product",
    "pk": 620,
    "fields": {
      "title": "Extra wasabi",
      "image": "Extra wasabi delicious sushi roll",
      "price": 40.56,
      "weight": 300,
      "category": 2,
      "ingredients": [
        8,
        4,
        19
      ]
    }
  },
  {
    "model": "product.product",
    "pk": 621,
    "fields": {
      "title": "Mango Lemonade 🥭",
      "image": "Mango Lemonade 🥭 delicious sushi roll",
      "price": 56.61,
      "weight": 300,
      "category": 5,
      "ingredients": [
        24,
        6,
        23,
        21,
        11
      ]
    }
  },
  {
    "model": "product.product",
    "pk": 622,
    "fields": {
      "title": "Watermelon Lemonade 🍉",
      "image": "Watermelon Lemonade 🍉 delicious sushi roll",
      "price": 57.57,
      "weight": 320,
      "category": 5,
      "ingredients": [
        17,
        19,
        6,
        15
      ]
    }
  },
  {
    "model": "product.product",
    "pk": 623,
    "fields": {
      "title": "Pear lemonade🍐",
      "image": "Pear lemonade🍐 delicious sushi roll",
      "price": 56.22,
      "weight": 320,
      "category": 3,
      "ingredients": [
        2,
        22,
        8
      ]
    }
  },
  {
    "model": "product.product",
    "pk": 624,
    "fields": {
      "title": "Cranberry lemonade",
      "image": "Cranberry lemonade delicious sushi roll",
      "price": 56.36,
      "weight": 340,
      "category": 5,
      "ingredients": [
        9,
        24,
        7
      ]
    }
  },
  {
    "model": "product.product",
    "pk": 625,
    "fields": {
      "title": "Ginger lemonade",
      "image": "Ginger lemonade delicious sushi roll",
      "price": 54.26,
      "weight": 320,
      "category": 3,
      "ingredients": [
        16,
        9,
        24,
        22
      ]
    }
  },
  {
    "model": "product.product",
    "pk": 626,
    "fields": {
      "title": "Coca Cola Zero 330ml",
      "image": "Coca Cola Zero 330ml delicious sushi roll",
      "price": 51.14,
      "weight": 340,
      "category": 6,
      "ingredients": [
        14,
        7,
        23,
        11,
        12,
        24
      ]
    }
  },
  {
    "model": "product.product",
    "pk": 627,
    "fields": {
      "title": "Fanta 330ml",
      "image": "Fanta 330ml delicious sushi roll",
      "price": 55.57,
      "weight": 300,
      "category": 4,
      "ingredients": [
        14,
        23,
        2,
        9
      ]
    }
  },
  {
    "model": "product.product",
    "pk": 628,
    "fields": {
      "title": "Sprite 330ml",
      "image": "Sprite 330ml delicious sushi roll",
      "price": 35.81,
      "weight": 280,
      "category": 6,
      "ingredients": [
        3,
        13,
        16,
        9,
        14,
        23
      ]
    }
  },
  {
    "model": "product.product",
    "pk": 629,
    "fields": {
      "title": "Primavera 500 ml",
      "image": "Primavera 500 ml delicious sushi roll",
      "price": 43.82,
      "weight": 300,
      "category": 4,
      "ingredients": [
        17,
        4,
        8,
        15,
        23,
        16
      ]
    }
  },
  {
    "model": "product.product",
    "pk": 42,
    "fields": {
      "title": "Spicy Salmon Roll",
      "price": "57.77",
      "image": null,
      "weight": 291,
      "category": 4,
      "ingredients": [
        21,
        26,
        25,
        30
      ]
    }
  },
  {
    "model": "product.product",
    "pk": 43,
    "fields": {
      "title": "Cheese Tempura",
      "price": "35.55",
      "image": null,
      "weight": 265,
      "category": 14,
      "ingredients": [
        20,
        31,
        15
      ]
    }
  },
  {
    "model": "product.product",
    "pk": 44,
    "fields": {
      "title": "Avocado Delight",
      "price": "58.32",
      "image": null,
      "weight": 341,
      "category": 13,
      "ingredients": [
        31,
        30,
        7
      ]
    }
  },
  {
    "model": "product.product",
    "pk": 45,
    "fields": {
      "title": "Rainbow Maki",
      "price": "36.97",
      "image": null,
      "weight": 296,
      "category": 5,
      "ingredients": [
        2,
        28,
        14,
        11,
        31
      ]
    }
  },
  {
    "model": "product.product",
    "pk": 46,
    "fields": {
      "title": "Mini Dragon Roll",
      "price": "37.39",
      "image": null,
      "weight": 262,
      "category": 8,
      "ingredients": [
        16,
        21,
        18,
        8,
        23,
        25
      ]
    }
  },
  {
    "model": "product.product",
    "pk": 47,
    "fields": {
      "title": "Sweet Tofu Wrap",
      "price": "37.27",
      "image": null,
      "weight": 280,
      "category": 3,
      "ingredients": [
        1,
        26,
        20,
        9,
        27
      ]
    }
  },
  {
    "model": "product.product",
    "pk": 48,
    "fields": {
      "title": "Firecracker Tuna",
      "price": "54.27",
      "image": null,
      "weight": 273,
      "category": 10,
      "ingredients": [
        7,
        19,
        29,
        4
      ]
    }
  },
  {
    "model": "product.product",
    "pk": 49,
    "fields": {
      "title": "Cucumber Fresh",
      "price": "49.69",
      "image": null,
      "weight": 299,
      "category": 18,
      "ingredients": [
        3,
        23,
        1,
        26,
        17,
        22
      ]
    }
  },
  {
    "model": "product.product",
    "pk": 50,
    "fields": {
      "title": "Double Shrimp Roll",
      "price": "52.53",
      "image": null,
      "weight": 266,
      "category": 1,
      "ingredients": [
        11,
        26,
        8
      ]
    }
  },
  {
    "model": "product.product",
    "pk": 51,
    "fields": {
      "title": "Golden Crab",
      "price": "37.30",
      "image": null,
      "weight": 340,
      "category": 13,
      "ingredients": [
        24,
        11,
        4,
        20,
        2
      ]
    }
  },
  {
    "model": "product.product",
    "pk": 52,
    "fields": {
      "title": "Eel Classic",
      "price": "43.01",
      "image": null,
      "weight": 342,
      "category": 4,
      "ingredients": [
        30,
        31,
        10
      ]
    }
  },
  {
    "model": "product.product",
    "pk": 53,
    "fields": {
      "title": "Ocean Breeze",
      "price": "46.40",
      "image": null,
      "weight": 287,
      "category": 17,
      "ingredients": [
        17,
        28,
        4
      ]
    }
  },
  {
    "model": "product.product",
    "pk": 54,
    "fields": {
      "title": "Spicy Mango Tuna",
      "price": "38.71",
      "image": null,
      "weight": 283,
      "category": 6,
      "ingredients": [
        26,
        11,
        10
      ]
    }
  },
  {
    "model": "product.product",
    "pk": 55,
    "fields": {
      "title": "Soft Shell Roll",
      "price": "39.94",
      "image": null,
      "weight": 281,
      "category": 13,
      "ingredients": [
        24,
        21,
        8,
        7,
        19,
        20
      ]
    }
  },
  {
    "model": "product.product",
    "pk": 56,
    "fields": {
      "title": "Crispy Crabstick",
      "price": "42.01",
      "image": null,
      "weight": 252,
      "category": 3,
      "ingredients": [
        12,
        8,
        11,
        29,
        28,
        5
      ]
    }
  },
  {
    "model": "product.product",
    "pk": 57,
    "fields": {
      "title": "Eggplant Zen",
      "price": "46.70",
      "image": null,
      "weight": 273,
      "category": 1,
      "ingredients": [
        26,
        23,
        22
      ]
    }
  },
  {
    "model": "product.product",
    "pk": 58,
    "fields": {
      "title": "Salmon Cream Cheese",
      "price": "55.66",
      "image": null,
      "weight": 321,
      "category": 15,
      "ingredients": [
        27,
        25,
        18
      ]
    }
  },
  {
    "model": "product.product",
    "pk": 59,
    "fields": {
      "title": "Chili Ebi Maki",
      "price": "57.86",
      "image": null,
      "weight": 279,
      "category": 8,
      "ingredients": [
        30,
        23,
        1,
        19,
        13,
        4
      ]
    }
  },
  {
    "model": "product.product",
    "pk": 60,
    "fields": {
      "title": "Tuna Sashimi Roll",
      "price": "40.91",
      "image": null,
      "weight": 340,
      "category": 16,
      "ingredients": [
        7,
        15,
        27
      ]
    }
  },
  {
    "model": "product.product",
    "pk": 61,
    "fields": {
      "title": "Rice Garden",
      "price": "50.04",
      "image": null,
      "weight": 330,
      "category": 5,
      "ingredients": [
        5,
        10,
        27,
        20
      ]
    }
  },
  {
    "model": "product.product",
    "pk": 62,
    "fields": {
      "title": "Mini Avocado Gunkan",
      "price": "45.05",
      "image": null,
      "weight": 333,
      "category": 18,
      "ingredients": [
        24,
        19,
        27,
        5,
        30
      ]
    }
  },
  {
    "model": "product.product",
    "pk": 63,
    "fields": {
      "title": "Hot Unagi Bite",
      "price": "53.59",
      "image": null,
      "weight": 283,
      "category": 11,
      "ingredients": [
        12,
        23,
        16,
        8
      ]
    }
  },
  {
    "model": "product.product",
    "pk": 64,
    "fields": {
      "title": "Wasabi Shrimp",
      "price": "48.98",
      "image": null,
      "weight": 328,
      "category": 13,
      "ingredients": [
        15,
        9,
        27,
        30,
        12,
        23
      ]
    }
  },
  {
    "model": "product.product",
    "pk": 65,
    "fields": {
      "title": "Tofu Teriyaki",
      "price": "54.08",
      "image": null,
      "weight": 347,
      "category": 5,
      "ingredients": [
        30,
        16,
        31
      ]
    }
  },
  {
    "model": "product.product",
    "pk": 66,
    "fields": {
      "title": "Crunchy Philly",
      "price": "38.34",
      "image": null,
      "weight": 265,
      "category": 10,
      "ingredients": [
        16,
        15,
        5
      ]
    }
  },
  {
    "model": "product.product",
    "pk": 67,
    "fields": {
      "title": "Sweet Corn Maki",
      "price": "50.43",
      "image": null,
      "weight": 292,
      "category": 4,
      "ingredients": [
        13,
        15,
        23,
        22,
        11
      ]
    }
  },
  {
    "model": "product.product",
    "pk": 68,
    "fields": {
      "title": "Deep Sea Mix",
      "price": "46.99",
      "image": null,
      "weight": 251,
      "category": 1,
      "ingredients": [
        26,
        23,
        11
      ]
    }
  },
  {
    "model": "product.product",
    "pk": 69,
    "fields": {
      "title": "Avocado Salmon Cup",
      "price": "38.09",
      "image": null,
      "weight": 341,
      "category": 10,
      "ingredients": [
        9,
        22,
        14
      ]
    }
  },
  {
    "model": "product.product",
    "pk": 70,
    "fields": {
      "title": "Tamago Fresh",
      "price": "42.07",
      "image": null,
      "weight": 332,
      "category": 16,
      "ingredients": [
        9,
        7,
        17,
        11,
        3,
        16
      ]
    }
  },
  {
    "model": "product.product",
    "pk": 71,
    "fields": {
      "title": "Veggie California",
      "price": "38.84",
      "image": null,
      "weight": 345,
      "category": 12,
      "ingredients": [
        22,
        21,
        29
      ]
    }
  },
  {
    "model": "product.product",
    "pk": 32,
    "fields": {
      "title": "Tokyo Fire Roll",
      "price": "48.00",
      "image": null,
      "weight": 310,
      "category": 5,
      "ingredients": [
        5,
        2,
        16,
        12,
        13
      ]
    }
  },
  {
    "model": "product.product",
    "pk": 33,
    "fields": {
      "title": "Creamy Shrimp Maki",
      "price": "46.00",
      "image": null,
      "weight": 300,
      "category": 3,
      "ingredients": [
        4,
        3,
        12,
        13,
        6
      ]
    }
  },
  {
    "model": "product.product",
    "pk": 34,
    "fields": {
      "title": "Vegan Futomaki",
      "price": "38.00",
      "image": null,
      "weight": 270,
      "category": 10,
      "ingredients": [
        24,
        9,
        2,
        6,
        12,
        13
      ]
    }
  },
  {
    "model": "product.product",
    "pk": 35,
    "fields": {
      "title": "Dragon Crunch",
      "price": "52.00",
      "image": null,
      "weight": 340,
      "category": 8,
      "ingredients": [
        4,
        22,
        1,
        12,
        13
      ]
    }
  },
  {
    "model": "product.product",
    "pk": 36,
    "fields": {
      "title": "Sunset Philadelphia",
      "price": "50.00",
      "image": null,
      "weight": 320,
      "category": 3,
      "ingredients": [
        1,
        3,
        9,
        12,
        13
      ]
    }
  },
  {
    "model": "product.product",
    "pk": 37,
    "fields": {
      "title": "Unagi Deluxe",
      "price": "58.00",
      "image": null,
      "weight": 330,
      "category": 7,
      "ingredients": [
        7,
        15,
        12,
        13
      ]
    }
  },
  {
    "model": "product.product",
    "pk": 38,
    "fields": {
      "title": "Tempura Surprise",
      "price": "45.00",
      "image": null,
      "weight": 280,
      "category": 5,
      "ingredients": [
        4,
        11,
        6,
        12,
        13
      ]
    }
  },
  {
    "model": "product.product",
    "pk": 39,
    "fields": {
      "title": "Crispy Tuna Dog",
      "price": "49.00",
      "image": null,
      "weight": 350,
      "category": 2,
      "ingredients": [
        5,
        22,
        3,
        6,
        12,
        13
      ]
    }
  },
  {
    "model": "product.product",
    "pk": 40,
    "fields": {
      "title": "Avocado Classic",
      "price": "35.00",
      "image": null,
      "weight": 260,
      "category": 4,
      "ingredients": [
        2,
        12,
        13
      ]
    }
  },
  {
    "model": "product.product",
    "pk": 41,
    "fields": {
      "title": "Gunkan Mix",
      "price": "17.00",
      "image": null,
      "weight": 2,
      "category": 12,
      "ingredients": [
        5,
        8,
        14,
        12,
        13
      ]
    }
  }
]